<?xml version="1.0" encoding="UTF-8"?>
<thumbnails version="1.2.0">
  <thumbnail camera_id="0" path="c0.jpg"/>
  <thumbnail camera_id="1" path="c1.jpg"/>
  <thumbnail camera_id="2" path="c2.jpg"/>
  <thumbnail camera_id="3" path="c3.jpg"/>
  <thumbnail camera_id="4" path="c4.jpg"/>
  <thumbnail camera_id="5" path="c5.jpg"/>
  <thumbnail camera_id="6" path="c6.jpg"/>
  <thumbnail camera_id="7" path="c7.jpg"/>
  <thumbnail camera_id="8" path="c8.jpg"/>
  <thumbnail camera_id="9" path="c9.jpg"/>
  <thumbnail camera_id="10" path="c10.jpg"/>
  <thumbnail camera_id="11" path="c11.jpg"/>
  <thumbnail camera_id="12" path="c12.jpg"/>
  <thumbnail camera_id="13" path="c13.jpg"/>
  <thumbnail camera_id="14" path="c14.jpg"/>
  <thumbnail camera_id="15" path="c15.jpg"/>
  <thumbnail camera_id="16" path="c16.jpg"/>
  <thumbnail camera_id="17" path="c17.jpg"/>
  <thumbnail camera_id="18" path="c18.jpg"/>
  <thumbnail camera_id="19" path="c19.jpg"/>
  <thumbnail camera_id="20" path="c20.jpg"/>
  <thumbnail camera_id="21" path="c21.jpg"/>
  <thumbnail camera_id="22" path="c22.jpg"/>
  <thumbnail camera_id="23" path="c23.jpg"/>
  <thumbnail camera_id="24" path="c24.jpg"/>
  <thumbnail camera_id="25" path="c25.jpg"/>
  <thumbnail camera_id="26" path="c26.jpg"/>
  <thumbnail camera_id="27" path="c27.jpg"/>
  <thumbnail camera_id="28" path="c28.jpg"/>
  <thumbnail camera_id="29" path="c29.jpg"/>
  <thumbnail camera_id="30" path="c30.jpg"/>
  <thumbnail camera_id="31" path="c31.jpg"/>
  <thumbnail camera_id="32" path="c32.jpg"/>
  <thumbnail camera_id="33" path="c33.jpg"/>
  <thumbnail camera_id="34" path="c34.jpg"/>
  <thumbnail camera_id="35" path="c35.jpg"/>
  <thumbnail camera_id="36" path="c36.jpg"/>
  <thumbnail camera_id="37" path="c37.jpg"/>
  <thumbnail camera_id="38" path="c38.jpg"/>
  <thumbnail camera_id="39" path="c39.jpg"/>
  <thumbnail camera_id="40" path="c40.jpg"/>
  <thumbnail camera_id="41" path="c41.jpg"/>
  <thumbnail camera_id="42" path="c42.jpg"/>
  <thumbnail camera_id="43" path="c43.jpg"/>
  <thumbnail camera_id="44" path="c44.jpg"/>
  <thumbnail camera_id="45" path="c45.jpg"/>
  <thumbnail camera_id="46" path="c46.jpg"/>
  <thumbnail camera_id="47" path="c47.jpg"/>
  <thumbnail camera_id="48" path="c48.jpg"/>
  <thumbnail camera_id="49" path="c49.jpg"/>
  <thumbnail camera_id="50" path="c50.jpg"/>
  <thumbnail camera_id="51" path="c51.jpg"/>
  <thumbnail camera_id="52" path="c52.jpg"/>
  <thumbnail camera_id="53" path="c53.jpg"/>
  <thumbnail camera_id="54" path="c54.jpg"/>
  <thumbnail camera_id="55" path="c55.jpg"/>
  <thumbnail camera_id="56" path="c56.jpg"/>
  <thumbnail camera_id="57" path="c57.jpg"/>
  <thumbnail camera_id="58" path="c58.jpg"/>
  <thumbnail camera_id="59" path="c59.jpg"/>
  <thumbnail camera_id="60" path="c60.jpg"/>
  <thumbnail camera_id="61" path="c61.jpg"/>
  <thumbnail camera_id="62" path="c62.jpg"/>
  <thumbnail camera_id="63" path="c63.jpg"/>
  <thumbnail camera_id="64" path="c64.jpg"/>
  <thumbnail camera_id="65" path="c65.jpg"/>
  <thumbnail camera_id="66" path="c66.jpg"/>
  <thumbnail camera_id="67" path="c67.jpg"/>
  <thumbnail camera_id="68" path="c68.jpg"/>
  <thumbnail camera_id="69" path="c69.jpg"/>
  <thumbnail camera_id="70" path="c70.jpg"/>
  <thumbnail camera_id="71" path="c71.jpg"/>
  <thumbnail camera_id="72" path="c72.jpg"/>
  <thumbnail camera_id="73" path="c73.jpg"/>
  <thumbnail camera_id="74" path="c74.jpg"/>
  <thumbnail camera_id="75" path="c75.jpg"/>
  <thumbnail camera_id="76" path="c76.jpg"/>
  <thumbnail camera_id="77" path="c77.jpg"/>
  <thumbnail camera_id="78" path="c78.jpg"/>
  <thumbnail camera_id="79" path="c79.jpg"/>
  <thumbnail camera_id="80" path="c80.jpg"/>
  <thumbnail camera_id="81" path="c81.jpg"/>
  <thumbnail camera_id="82" path="c82.jpg"/>
  <thumbnail camera_id="83" path="c83.jpg"/>
  <thumbnail camera_id="84" path="c84.jpg"/>
  <thumbnail camera_id="85" path="c85.jpg"/>
  <thumbnail camera_id="86" path="c86.jpg"/>
  <thumbnail camera_id="87" path="c87.jpg"/>
  <thumbnail camera_id="88" path="c88.jpg"/>
  <thumbnail camera_id="89" path="c89.jpg"/>
  <thumbnail camera_id="90" path="c90.jpg"/>
  <thumbnail camera_id="91" path="c91.jpg"/>
  <thumbnail camera_id="92" path="c92.jpg"/>
  <thumbnail camera_id="93" path="c93.jpg"/>
  <thumbnail camera_id="94" path="c94.jpg"/>
  <thumbnail camera_id="95" path="c95.jpg"/>
  <thumbnail camera_id="96" path="c96.jpg"/>
  <thumbnail camera_id="97" path="c97.jpg"/>
  <thumbnail camera_id="98" path="c98.jpg"/>
  <thumbnail camera_id="99" path="c99.jpg"/>
  <thumbnail camera_id="100" path="c100.jpg"/>
  <thumbnail camera_id="101" path="c101.jpg"/>
  <thumbnail camera_id="102" path="c102.jpg"/>
  <thumbnail camera_id="103" path="c103.jpg"/>
  <thumbnail camera_id="104" path="c104.jpg"/>
  <thumbnail camera_id="105" path="c105.jpg"/>
  <thumbnail camera_id="106" path="c106.jpg"/>
  <thumbnail camera_id="107" path="c107.jpg"/>
  <thumbnail camera_id="108" path="c108.jpg"/>
  <thumbnail camera_id="109" path="c109.jpg"/>
  <thumbnail camera_id="110" path="c110.jpg"/>
  <thumbnail camera_id="111" path="c111.jpg"/>
</thumbnails>
