<?xml version="1.0" encoding="UTF-8"?>
<point_cloud version="1.2.0">
  <params>
    <dataType>uint8</dataType>
    <bands>
      <band label="Red"/>
      <band label="Green"/>
      <band label="Blue"/>
    </bands>
  </params>
  <tracks path="tracks.ply" count="151167"/>
  <points path="points.ply" count="145928"/>
  <projections camera_id="0" path="p0.ply" count="4054"/>
  <projections camera_id="1" path="p1.ply" count="4148"/>
  <projections camera_id="2" path="p2.ply" count="4273"/>
  <projections camera_id="3" path="p3.ply" count="4060"/>
  <projections camera_id="4" path="p4.ply" count="4044"/>
  <projections camera_id="5" path="p5.ply" count="4199"/>
  <projections camera_id="6" path="p6.ply" count="4007"/>
  <projections camera_id="7" path="p7.ply" count="3986"/>
  <projections camera_id="8" path="p8.ply" count="4102"/>
  <projections camera_id="9" path="p9.ply" count="4349"/>
  <projections camera_id="10" path="p10.ply" count="4153"/>
  <projections camera_id="11" path="p11.ply" count="4359"/>
  <projections camera_id="12" path="p12.ply" count="4150"/>
  <projections camera_id="13" path="p13.ply" count="4026"/>
  <projections camera_id="14" path="p14.ply" count="1889"/>
  <projections camera_id="15" path="p15.ply" count="3589"/>
  <projections camera_id="16" path="p16.ply" count="4831"/>
  <projections camera_id="17" path="p17.ply" count="4083"/>
  <projections camera_id="18" path="p18.ply" count="4131"/>
  <projections camera_id="19" path="p19.ply" count="4341"/>
  <projections camera_id="20" path="p20.ply" count="4470"/>
  <projections camera_id="21" path="p21.ply" count="3964"/>
  <projections camera_id="22" path="p22.ply" count="3956"/>
  <projections camera_id="23" path="p23.ply" count="4140"/>
  <projections camera_id="24" path="p24.ply" count="4331"/>
  <projections camera_id="25" path="p25.ply" count="4288"/>
  <projections camera_id="26" path="p26.ply" count="4181"/>
  <projections camera_id="27" path="p27.ply" count="4317"/>
  <projections camera_id="28" path="p28.ply" count="4036"/>
  <projections camera_id="29" path="p29.ply" count="4491"/>
  <projections camera_id="30" path="p30.ply" count="2872"/>
  <projections camera_id="31" path="p31.ply" count="4067"/>
  <projections camera_id="32" path="p32.ply" count="4005"/>
  <projections camera_id="33" path="p33.ply" count="4011"/>
  <projections camera_id="34" path="p34.ply" count="4196"/>
  <projections camera_id="35" path="p35.ply" count="4118"/>
  <projections camera_id="36" path="p36.ply" count="4136"/>
  <projections camera_id="37" path="p37.ply" count="4024"/>
  <projections camera_id="38" path="p38.ply" count="4340"/>
  <projections camera_id="39" path="p39.ply" count="3962"/>
  <projections camera_id="40" path="p40.ply" count="4268"/>
  <projections camera_id="41" path="p41.ply" count="4179"/>
  <projections camera_id="42" path="p42.ply" count="4144"/>
  <projections camera_id="43" path="p43.ply" count="4343"/>
  <projections camera_id="44" path="p44.ply" count="4084"/>
  <projections camera_id="45" path="p45.ply" count="4014"/>
  <projections camera_id="46" path="p46.ply" count="4000"/>
  <projections camera_id="47" path="p47.ply" count="1664"/>
  <projections camera_id="48" path="p48.ply" count="2247"/>
  <projections camera_id="49" path="p49.ply" count="3334"/>
  <projections camera_id="50" path="p50.ply" count="3042"/>
  <projections camera_id="51" path="p51.ply" count="3128"/>
  <projections camera_id="52" path="p52.ply" count="4218"/>
  <projections camera_id="53" path="p53.ply" count="4484"/>
  <projections camera_id="54" path="p54.ply" count="4022"/>
  <projections camera_id="55" path="p55.ply" count="4138"/>
  <projections camera_id="56" path="p56.ply" count="4062"/>
  <projections camera_id="57" path="p57.ply" count="4048"/>
  <projections camera_id="58" path="p58.ply" count="3611"/>
  <projections camera_id="59" path="p59.ply" count="4143"/>
  <projections camera_id="60" path="p60.ply" count="4035"/>
  <projections camera_id="61" path="p61.ply" count="4064"/>
  <projections camera_id="62" path="p62.ply" count="3998"/>
  <projections camera_id="63" path="p63.ply" count="1762"/>
  <projections camera_id="64" path="p64.ply" count="4057"/>
  <projections camera_id="65" path="p65.ply" count="4567"/>
  <projections camera_id="66" path="p66.ply" count="4182"/>
  <projections camera_id="67" path="p67.ply" count="4194"/>
  <projections camera_id="68" path="p68.ply" count="4108"/>
  <projections camera_id="69" path="p69.ply" count="4166"/>
  <projections camera_id="70" path="p70.ply" count="4085"/>
  <projections camera_id="71" path="p71.ply" count="4145"/>
  <projections camera_id="72" path="p72.ply" count="4254"/>
  <projections camera_id="73" path="p73.ply" count="4163"/>
  <projections camera_id="74" path="p74.ply" count="4026"/>
  <projections camera_id="75" path="p75.ply" count="4224"/>
  <projections camera_id="76" path="p76.ply" count="3997"/>
  <projections camera_id="77" path="p77.ply" count="4015"/>
  <projections camera_id="78" path="p78.ply" count="3911"/>
  <projections camera_id="79" path="p79.ply" count="2238"/>
  <projections camera_id="80" path="p80.ply" count="2955"/>
  <projections camera_id="81" path="p81.ply" count="2675"/>
  <projections camera_id="82" path="p82.ply" count="4066"/>
  <projections camera_id="83" path="p83.ply" count="4370"/>
  <projections camera_id="84" path="p84.ply" count="4055"/>
  <projections camera_id="85" path="p85.ply" count="4322"/>
  <projections camera_id="86" path="p86.ply" count="4286"/>
  <projections camera_id="87" path="p87.ply" count="4176"/>
  <projections camera_id="88" path="p88.ply" count="4218"/>
  <projections camera_id="89" path="p89.ply" count="4380"/>
  <projections camera_id="90" path="p90.ply" count="4279"/>
  <projections camera_id="91" path="p91.ply" count="4241"/>
  <projections camera_id="92" path="p92.ply" count="4092"/>
  <projections camera_id="93" path="p93.ply" count="4312"/>
  <projections camera_id="94" path="p94.ply" count="4205"/>
  <projections camera_id="95" path="p95.ply" count="3800"/>
  <projections camera_id="96" path="p96.ply" count="4033"/>
  <projections camera_id="97" path="p97.ply" count="4520"/>
  <projections camera_id="98" path="p98.ply" count="4464"/>
  <projections camera_id="99" path="p99.ply" count="4067"/>
  <projections camera_id="100" path="p100.ply" count="4291"/>
  <projections camera_id="101" path="p101.ply" count="4081"/>
  <projections camera_id="102" path="p102.ply" count="4273"/>
  <projections camera_id="103" path="p103.ply" count="4080"/>
  <projections camera_id="104" path="p104.ply" count="4047"/>
  <projections camera_id="105" path="p105.ply" count="4142"/>
  <projections camera_id="106" path="p106.ply" count="4360"/>
  <projections camera_id="107" path="p107.ply" count="4050"/>
  <projections camera_id="108" path="p108.ply" count="4030"/>
  <projections camera_id="109" path="p109.ply" count="4081"/>
  <projections camera_id="110" path="p110.ply" count="4008"/>
  <projections camera_id="111" path="p111.ply" count="2658"/>
  <meta>
    <property name="match/duration" value="295.836"/>
    <property name="match/match_downscale" value="1"/>
    <property name="match/match_point_limit" value="40000"/>
    <property name="match/match_preselection_generic" value="true"/>
    <property name="match/match_preselection_reference" value="true"/>
    <property name="match/match_tiepoint_limit" value="4000"/>
  </meta>
</point_cloud>
